<?xml version="1.0" encoding="UTF-8"?>
<project-private xmlns="http://www.netbeans.org/ns/project-private/1">
    <editor-bookmarks xmlns="http://www.netbeans.org/ns/editor-bookmarks/2" lastBookmarkId="0"/>
    <open-files xmlns="http://www.netbeans.org/ns/projectui-open-files/2">
        <group>
            <file>file:/Users/lakhyos/GitHub/gephi-plugins/CliaqueCenter/src/org/plugin/cliquecenter/Modularity.java</file>
            <file>file:/Users/lakhyos/GitHub/gephi-plugins/CliaqueCenter/src/org/plugin/cliquecenter/Community.java</file>
            <file>file:/Users/lakhyos/GitHub/gephi-plugins/CliaqueCenter/src/org/plugin/cliquecenter/ENRONImporterBuilder.java</file>
            <file>file:/Users/lakhyos/GitHub/gephi-plugins/CliaqueCenter/src/org/plugin/cliquecenter/CommunityStructure.java</file>
            <file>file:/Users/lakhyos/GitHub/gephi-plugins/CliaqueCenter/src/org/plugin/cliquecenter/ENRONImporter.java</file>
            <file>file:/Users/lakhyos/GitHub/gephi-plugins/CliaqueCenter/src/org/plugin/cliquecenter/ModEdge.java</file>
            <file>file:/Users/lakhyos/GitHub/gephi-plugins/CliaqueCenter/src/org/plugin/cliquecenter/CCTopComponent.java</file>
        </group>
    </open-files>
</project-private>
